pmid,estrato,gold_answer,n_modelos,modelos,respostas,termo_que_casou,comprimento_termo,na_amostra,veredito_manual,nota_revisor,contexto
12750767,Q1_Super_Populares,IDDM2,4,gemma4_26b;gemma4_31b;llama3.3_70b;qwen3.6_35b,INS,ins,3,sim,eco_real,INS visivel colado na mascara: '[MASK]/[MASK](INS)',...o determine whether combining iddm1/hla and [mask]/ [mask]( ins) 5' variable number of tandem repeat locus (vntr) genotypes...
12941811,Q1_Super_Populares,androgen receptor,2,gemma4_26b;llama3.3_70b,AR,ar,2,sim,eco_real,sigla do alvo visivel: 'GSN as an AR-associated protein',".... here we report the identification of gelsolin (gsn) as an ar-associated protein. hydroxyflutamide (hf), as well as andro..."
14612430,Q1_Super_Populares,TNF,1,qwen3.6_35b,tumor necrosis factor,tumor necrosis factor,21,nao,eco_real,nome por extenso visivel: 'the transmembrane form of tumor necrosis factor (m[MASK])',"...mediated by the mapk/erk pathway. the transmembrane form of tumor necrosis factor (m[mask]), expressed on activated monocytes (mo) and macrop..."
14758530,Q1_Super_Populares,IL-1ra,4,gemma4_26b;gemma4_31b;llama3.3_70b;qwen3.6_35b,IL1RN,il1rn,5,sim,eco_real,"'IL1RN*1, IL1RN*2...' listados logo apos a mascara","...lleles of the [mask] gene were identified and designated as il1rn*1, il1rn*2, il1rn*3, il1rn*4, and il1rn*5, according to the..."
14986816,Q1_Super_Populares,interleukin (IL)1alpha,3,gemma4_31b;llama3.3_70b;qwen3.6_35b,IL1,il1,3,sim,eco_real,"AMBIGUO: 'il1' visivel em 'IL1 receptor agonist' e 'IL1(-511)', que sao IL1RN e IL1B -- outros genes da familia. A string da resposta (IL1) esta literalmente no texto, entao conta pelo criterio (A).","... analysis of the [mask]( - 889), il1beta( - 511 and +3954), il1 receptor agonist (ra)(intron2 vntr), il4(intron3 vntr) and ..."
15802968,Q1_Super_Populares,CC-chemokine receptor 5,4,gemma4_26b;gemma4_31b;llama3.3_70b;qwen3.6_35b,CCR5,ccr5,4,nao,eco_real,'the CCR5-delta32 mutant allele' no titulo,...frequency of the ccr5-delta32 mutant allele is not increased in belgian hepatitis...
17310371,Q1_Super_Populares,insulin,3,gemma4_26b;llama3.3_70b;qwen3.6_35b,INS,ins,3,nao,eco_real,'[MASK] gene (INS) variable number of tandem repeats',...ed for all children and 1090 children also had [mask] gene (ins) variable number of tandem repeats (vntr) typing. results: ...
18154472,Q1_Super_Populares,cytochrome P450 (CYP) 2C9 and 2C19,1,gemma4_31b,CYP2C9,CYP2C9,6,sim,eco_real,'the CYP2C9 and [MASK] genotypes' -- resposta literal no texto,...ned by a high-performance liquid chromatography method. the cyp2c9 and [mask] genotypes were analyzed by polymerase chain reac...
18160396,Q1_Super_Populares,adenomatous polyposis coli protein,4,gemma4_26b;gemma4_31b;llama3.3_70b;qwen3.6_35b,APC,apc,3,nao,eco_real,'the adenomatous polyposis coli (APC) protein tumor suppressor',...ications for cell survival. the adenomatous polyposis coli (apc) protein tumor suppressor is mutated in the majority of col...
18674658,Q1_Super_Populares,"interleukin (IL)-4, -10, and -13",3,gemma4_26b;gemma4_31b;qwen3.6_35b,IL-13 | IL-4,IL,2,nao,eco_real,"'6 genes: IL-4, IL-4 receptor, [MASK]...' -- IL-4 faz parte do proprio gold composto","...mined 72 single nucleotide polymorphisms (snps) in 6 genes: il-4, il-4 receptor, [mask], [mask] receptor alpha, [mask] rec..."
19170767,Q1_Super_Populares,beta-amyloid precursor protein,2,gemma4_26b;llama3.3_70b,APP,app,3,nao,eco_real,'in an attempt to express human [MASK] (APP) in yeast',"...aromyces cerevisiae. in an attempt to express human [mask] (app) in yeast, we fortuitously found that this protein is only ..."
19712061,Q1_Super_Populares,leucine-rich repeat kinase 2,2,gemma4_26b;llama3.3_70b,LRRK2,lrrk2,5,nao,eco_real,'LRRK2 kinase inhibition by the LRRK2 roco fragment' no titulo,...homo- and heterodimerization of roco kinases: lrrk2 kinase inhibition by the lrrk2 roco fragment. mutations in ...
20932315,Q1_Super_Populares,EP300,1,qwen3.6_35b,P300,p300,4,sim,eco_real,'p300' listado entre os co-ativadores,"...rs. mutations in transcriptional co-activator genes-cited2, p300, cbp, tfap2alpha, carm1 and cart1 result in ntds in murine ..."
21035110,Q1_Super_Populares,interleukin-1,3,gemma4_31b;llama3.3_70b;qwen3.6_35b,IL1,il1,3,nao,eco_real,"AMBIGUO: 'il1' visivel so em 'IL1-RN-VNTR', que e IL1RN -- outro gene. A string da resposta (IL1) esta no texto como token, entao conta pelo criterio (A).","...0026 respectively). the a1 allele and a1/a1 genotype of the il1-rn-vntr were significantly increased in cp (p(corr)=0.0007,..."
21097678,Q1_Super_Populares,p38 mitogen-activated protein kinase,4,gemma4_26b;gemma4_31b;llama3.3_70b;qwen3.6_35b,p38,p38,3,nao,eco_real,'via the p38 MAPK-p75(NTR) pathway',...ancer cell migration is mediated by nag-1 induction via the p38 mapk-p75(ntr) pathway. the nonsteroidal anti-inflammatory d...
24915949,Q1_Super_Populares,insulin-like growth factor-1,1,llama3.3_70b,IGF-1,igf,3,sim,falso_alarme,"termo 'igf' casou como fragmento de 'igf-2' e 'igfbp-3', que sao OUTROS genes (IGF2, IGFBP3). O hifen conta como fronteira de token. A resposta 'IGF-1' nao aparece no texto -- gold e sigla ambos mascarados.","...xpression of [mask] ([mask]), insulin-like growth factor-2 (igf-2), and insulin-like growth factor binding protein-3 (igfbp..."
27781293,Q1_Super_Populares,methylenetetrahydrofolate reductase,4,gemma4_26b;gemma4_31b;llama3.3_70b;qwen3.6_35b,MTHFR,mthfr,5,nao,eco_real,'MTHFR 677C>T polymorphism' no titulo,...methotrexate elimination and toxicity: mthfr 677c>t polymorphism in patients with primary cns lymphoma t...
28629373,Q1_Super_Populares,programmed cell death protein 1,2,gemma4_26b;llama3.3_70b,PD-1,pd-1,4,sim,eco_real,'upregulation of TIGIT and PD-1' no titulo,...imp-1 impairs t cell function via upregulation of tigit and pd-1 in patients with acute myeloid leukemia. background: t cell...
29120858,Q1_Super_Populares,osteopontin,3,gemma4_26b;gemma4_31b;llama3.3_70b,OPN,opn,3,nao,eco_real,'fibrosis controlling factors - ostepontin (OPN)',"..., pinp, piiinp), fibrosis controlling factors - ostepontin (opn), transforming growth factor (tgf1-beta) and connective tis..."
29150654,Q1_Super_Populares,glucocorticoid receptor,2,gemma4_26b;llama3.3_70b,GR,gr,2,sim,eco_real,'activate the [MASK] (GR)',"...but in certain cell types, it can also activate the [mask] (gr). both mr and gr are structurally and functionally related ..."
31727962,Q1_Super_Populares,Androgen Receptor,2,gemma4_26b;gemma4_31b,AR,ar,2,nao,eco_real,'AR splice variant 7 (ARV7)',"...(p = 0.045), but decreased from group 3 through to group 4. ar splice variant 7 (arv7) and glucocorticoid receptor (gr) tr..."
31983437,Q1_Super_Populares,amyloid precursor protein,2,gemma4_26b;llama3.3_70b,APP,app,3,sim,eco_real,'c-terminal region of the [MASK] (APP)',"...d that crbn recognizes the c-terminal region of the [mask] (app), a protein known for its involvement in the development of..."
33446896,Q1_Super_Populares,CD117,2,gemma4_31b;llama3.3_70b,KIT,kit,3,sim,eco_real,"AMBIGUO: 'KIT' aparece em 'SCF, KIT ligand, steel factor' -- nomeia o alvo (o ligante DE KIT), mas dentro do nome de outro gene (KITLG).","...ression and activation by its ligand stem cell factor (scf, kit ligand, steel factor) alter prostate cancer aggressiveness,..."
33813478,Q1_Super_Populares,mir-21,4,gemma4_26b;gemma4_31b;llama3.3_70b;qwen3.6_35b,hsa-miR21-3p | miR21 | miR21-3p | mir21,mir21,5,sim,eco_real,'hsa-miR21-3p' repetido 4x no abstract,"... were able to determine 49 samples of hsa-mir210-3p and hsa-mir21-3p from maternal plasma, 44 samples of hsa-mir210-3p and 37..."
34271894,Q1_Super_Populares,Programmed cell death protein-1,2,gemma4_26b;llama3.3_70b,PD-1,pd-1,4,sim,eco_real,'[MASK] (PD-1) protects liver damage' no titulo,...[mask] (pd-1) protects liver damage by suppressing ifn-gamma expression ...
36546586,Q1_Super_Populares,MDM2) and 4,2,gemma4_31b;llama3.3_70b,MDM2,mdm2,4,nao,eco_real,'interactions between MDM2/MDM4 and p53'. Gold malformado ('MDM2) and 4').,...linical trials with drugs that prevent interactions between mdm2/mdm4 and p53. bone marrow samples from 111 patients with ac...
38368381,Q1_Super_Populares,specificity protein 1,1,qwen3.6_35b,SP1,sp1,3,sim,eco_real,"'RBBP7, regulated by SP1' no titulo","...rbbp7, regulated by sp1, enhances the warburg effect to facilitate the proliferatio..."
38441376,Q1_Super_Populares,p38 MAP kinase,4,gemma4_26b;gemma4_31b;llama3.3_70b;qwen3.6_35b,P38 | p38,p38,3,sim,eco_real,'inhibitor of phos-p38' visivel; a outra ocorrencia saiu como 'phos-[MASK] MAPK',... 10 days +- anti-cd40/recombinant il-4 +- inhibitor of phos-p38. culture supernatants were assayed for ige (elisa). phos-[m...
7607642,Q1_Super_Populares,angiotensinogen,1,llama3.3_70b,AGT,agt,3,nao,eco_real,'new mutations in the human [MASK] gene (AGT)' no titulo,"...characterization of new mutations in the human [mask] gene (agt). as part of the multicenter project entitled ""pathobiologi..."
7683646,Q1_Super_Populares,IGF-I,1,qwen3.6_35b,IGF-II,igf,3,nao,falso_alarme,termo 'igf' casou como fragmento de 'IGF binding macromolecules'. A resposta 'IGF-II' nao ocorre no texto (0 casamentos) -- e outro gene alem disso. Mesmo mecanismo de 24915949.,...vide a useful tool for dissecting the role of the different igf binding macromolecules in the mediation of [mask]i actions...
10364477,Q2_Medios,endothelial cell protein C receptor,1,qwen3.6_35b,Protein C/activated protein C receptor,protein c receptor,18,sim,eco_real,'endothelial cell protein C/activated protein C receptor ([MASK])',...ecently identified the endothelial cell protein c/activated protein c receptor ([mask]) which is capable of high-affinity binding for prot...
10380976,Q2_Medios,prepronociceptin,1,llama3.3_70b,NOCISTATIN PRECURSOR PEPTIDE: Nociceptin,nocistatin,10,nao,eco_real,"'identification of human, rat and mouse nocistatin in brain' -- nocistatin e peptideo derivado do proprio PNOC","...identification of human, rat and mouse nocistatin in brain and human nocistatin in brain and human cerebrospi..."
11058587,Q2_Medios,Ep-CAM,1,gemma4_26b,GA733/GA733-2,ga733-2,7,sim,eco_real,'glycoprotein GA733-2 ([MASK]/[MASK])' no titulo,...omeric state of the colon carcinoma-associated glycoprotein ga733-2 ([mask]/[mask]) and its role in ga733-mediated homotypic ce...
11257441,Q2_Medios,Sortilin,3,gemma4_26b;gemma4_31b;qwen3.6_35b,NTSR2/gp95 | gp95/NTS receptor 3 | gp95/neurotensin receptor,gp95,4,sim,eco_real,'the identification of gp95[MASK]' -- alias colado na mascara,"...n signaling and cellular trafficking? the identification of gp95[mask], a sorting protein, as being the 100 kda neurotensin ..."
11309369,Q2_Medios,Ectodysplasin,2,llama3.3_70b;qwen3.6_35b,EDA,eda,3,nao,eco_real,"AMBIGUO: 'EDA' visivel em 'anhidrotic ectodermal dysplasia (EDA)' -- sigla da DOENCA, embora EDA tambem seja o simbolo do gene.",...binds to the edar protein. anhidrotic ectodermal dysplasia (eda) is an x-linked disorder characterized by abnormal developm...
12072807,Q2_Medios,fibroblast growth factor receptor 2,4,gemma4_26b;gemma4_31b;llama3.3_70b;qwen3.6_35b,FGFR2,fgfr2,5,nao,eco_real,'associated with a mutation in FGFR2' no titulo,...sacral appendage associated with a mutation in fgfr2. we report a baby with craniosynostosis and a sacral append...
12370157,Q2_Medios,galactose-1-phosphate uridyltransferase,3,gemma4_26b;gemma4_31b;llama3.3_70b,GALT,galt,4,sim,eco_real,'deficiency in the [MASK] (GALT) enzyme',... with the risk of ovarian cancer. deficiency in the [mask] (galt) enzyme results in accumulation of galactose and its metabo...
16329101,Q2_Medios,lysozyme,4,gemma4_26b;gemma4_31b;llama3.3_70b;qwen3.6_35b,LYZ,lyz,3,nao,eco_real,'exon 4 (p.W112R) of the [MASK] gene (LYZ)',"...in exon 2 (p.t70n) and exon 4 (p.w112r) of the [mask] gene (lyz), with both mutations being present on the same allele. thi..."
16333843,Q2_Medios,SFTPB,1,qwen3.6_35b,SP-B,sp-b,4,sim,eco_real,'surfactant protein B (SP-B) deficiency' no titulo,...549c > gaa (121ins2) mutation causing surfactant protein b (sp-b) deficiency. the [mask] gene indel g.1549c > gaa (121ins2) ...
16473015,Q2_Medios,huntingtin,3,gemma4_26b;gemma4_31b;llama3.3_70b,Htt,htt,3,nao,eco_real,'polyglutamine repeat in the [MASK] gene (Htt)',...sorder caused by a polyglutamine repeat in the [mask] gene (htt). mitochondrial defects and protein aggregates are characte...
16944293,Q2_Medios,IFN-gamma receptor (IFNGR)-1 and 2,2,gemma4_31b;qwen3.6_35b,IFNGR-1,ifngr,5,sim,eco_real,"AMBIGUO: gold composto ('IFNGR-1 and 2'); 'IFNGR-2' esta visivel, ou seja parte do proprio gold vazou.","...n +874, in the [mask] gene at positions -56 and +95, in the ifngr-2 gene at the second position of codon 64 (gln64arg), and i..."
17179145,Q2_Medios,UDP-glucuronosyltransferase 1A,2,gemma4_26b;gemma4_31b,UGT1A,ugt1a,5,nao,eco_real,'to study UGT1A oligomerization in live cells',...used fluorescence resonance energy transfer (fret) to study ugt1a oligomerization in live cells. this technique demonstrated ...
18165231,Q2_Medios,CB1R,3,gemma4_31b;llama3.3_70b;qwen3.6_35b,CB1 | CB1 receptors,cb1,3,sim,eco_real,'in a CB1 receptor-dependent manner' no titulo,...ratinocyte differentiation by inducing dna methylation in a cb1 receptor-dependent manner. anandamide (arachidonoylethanola...
18619034,Q2_Medios,peroxiredoxin 6,1,qwen3.6_35b,Prx,prx,3,nao,eco_real,"AMBIGUO: 'Prx' visivel em 'peroxiredoxins (Prx) are a family' e '1-cys Prx subfamily' -- nomeia a FAMILIA, nao especificamente PRDX6.",...f [mask] with the yeast two-hybrid system]. peroxiredoxins (prx) are a family of nonselenium peroxidases that are involved ...
19112833,Q2_Medios,AT1R,3,gemma4_26b;gemma4_31b;llama3.3_70b,AT1,at1,3,sim,eco_real,'ACE gene and AC AT1 gene influence',...conclusions: it seems that i/d polymorphism ace gene and ac at1 gene influence the development of hypertension and lvh in h...
19234517,Q2_Medios,folliculin,1,llama3.3_70b,BHD,bhd,3,nao,eco_real,"AMBIGUO: 'BHD' visivel em 'Birt-Hogg-Dube (BHD) syndrome' -- e a sigla da DOENCA, embora BHD tambem seja alias legitimo de FLCN.",...in mtor activation and renal tumorigenesis. birt-hogg-dube (bhd) syndrome is a tumor-suppressor gene disorder characterized...
19706884,Q2_Medios,T-cell receptor (TCR) alpha and beta,2,gemma4_26b;qwen3.6_35b,TCR | TCR beta,TCR,3,nao,eco_real,'direct assessment of TCR CDR3 diversity',"...up to 10(16) distinct alphabeta pairs, direct assessment of tcr cdr3 diversity has not proved amenable to standard capillar..."
20378180,Q2_Medios,complement component C2,3,gemma4_26b;gemma4_31b;llama3.3_70b,C2,c2,2,nao,eco_real,'in the complement factor B/[MASK] (CFB/C2) locus',... (ivs1 and ivs6) and in the complement factor b/[mask] (cfb/c2) locus (ivs10 and h9l). main outcome measures: allele and g...
20504295,Q2_Medios,Spartin,1,gemma4_31b,SPG20,spg20,5,sim,eco_real,'hereditary spastic paraplegia type 20 (SPG20)',...n is responsible for hereditary spastic paraplegia type 20 (spg20). [mask] is a multifunctional protein that associates with ...
20514075,Q2_Medios,histidine-triad nucleotide-binding protein-1,3,gemma4_26b;gemma4_31b;llama3.3_70b,HINT1,hint1,5,nao,eco_real,'association of the [MASK] (HINT1) gene variants',...association of the [mask] (hint1) gene variants with nicotine dependence. the [mask] gene (h...
20629673,Q2_Medios,Filaggrin,2,gemma4_26b;llama3.3_70b,FLG,flg,3,nao,eco_real,'[MASK] null (FLG) mutations lead to skin barrier disruption',...rom a tertiary dermatology clinic. background: [mask] null (flg) mutations lead to skin barrier disruption with a reduced r...
20655364,Q2_Medios,hcrt,1,qwen3.6_35b,orexin,orexin,6,nao,eco_real,'cerebrospinal fluid hypocretin-1 (orexin A) levels',...cerebrospinal fluid hypocretin-1 (orexin a) levels in mania compared to unipolar depression and heal...
21738396,Q2_Medios,versican,3,gemma4_26b;llama3.3_70b;qwen3.6_35b,VCAN,vcan,4,sim,eco_real,'a new VCAN/[MASK] splice acceptor site mutation' no titulo,...a new vcan/[mask] splice acceptor site mutation in a french wagner fam...
21789713,Q2_Medios,RLN2,2,gemma4_26b;llama3.3_70b,H2 relaxin,h2,2,nao,eco_real,'H2 relaxin-mediated castrate-resistant growth' -- a resposta inteira esta no titulo,...dual blockade of pka and nf-kappab inhibits h2 relaxin-mediated castrate-resistant growth of prostate canc...
22185200,Q2_Medios,CypA,2,gemma4_26b;qwen3.6_35b,Cyclophilin A,cyclophilin a,13,sim,eco_real,'human cyclophilin A and HIV-1 Vpr' no titulo,...the host-pathogen interaction of human cyclophilin a and hiv-1 vpr requires specific n-terminal and novel c-term...
22493371,Q2_Medios,5-HT2B,1,llama3.3_70b,5-HTR2B,htr2b,5,nao,eco_real,"'5-HTR1A, 5-HTR1B, 5-HTR2B and 5-HTR4' -- a resposta literal","...study of the serotonin (5-ht) receptors 5-htr1a, 5-htr1b, 5-htr2b and 5-htr4 in frozen samples of ovary, and benign, borderli..."
22869146,Q2_Medios,microRNA-205,3,gemma4_26b;gemma4_31b;llama3.3_70b,miR-205,mir-205,7,sim,eco_real,'miRNA-205 (miR-205) transcription',...inogenesis. here we show in prostate cancer that mirna-205 (mir-205) transcription is commonly repressed and the mir-205 locus ...
23334847,Q2_Medios,MID1,2,gemma4_26b;gemma4_31b,Midline 1 | midline 1,midline 1,9,nao,eco_real,'the E3 ubiquitin ligase midline 1 promotes' no titulo,...the e3 ubiquitin ligase midline 1 promotes allergen and rhinovirus-induced asthma by inhibiti...
26535939,Q2_Medios,FK506 binding protein 5,4,gemma4_26b;gemma4_31b;llama3.3_70b;qwen3.6_35b,FKBP5,fkbp5,5,sim,eco_real,'moderation by [MASK] gene (FKBP5)' no titulo,... marijuana dependence: examining moderation by [mask] gene (fkbp5). the current study examined the prospective association be...
26753883,Q2_Medios,T-cell receptor (TCR) beta,4,gemma4_26b;gemma4_31b;llama3.3_70b;qwen3.6_35b,TCRbeta,TCR,3,nao,eco_real,'requires transient TCR expression for thymic egress',...e cell lymphoma arises in thymocytes and requires transient tcr expression for thymic egress. anaplastic large cell lymphom...
30168048,Q2_Medios,complement 3,4,gemma4_26b;gemma4_31b;llama3.3_70b;qwen3.6_35b,C3,c3,2,sim,eco_real,'serum [MASK] (C3) level'; 'low serum C3' repetido 9x,...at diagnosis. objectives: we investigated whether low serum c3 level can cross-sectionally estimate severe antineutrophil ...
31881225,Q2_Medios,miR-139,2,gemma4_26b;llama3.3_70b,microRNA-139-5p,microRNA-139-5p,15,nao,eco_real,'the motif for microRNA-139-5p binding' -- a resposta literal,... indicated that the 3'utr of notch1 contained the motif for microrna-139-5p binding. co-transfection with the luciferase reporter conta...
33191341,Q2_Medios,Dickkopf-3,4,gemma4_26b;gemma4_31b;llama3.3_70b;qwen3.6_35b,DKK3,dkk3,4,nao,eco_real,'Dickkopp-3 (DKK3) has been identified',...ary stenosis in an asymptomatic chinese cohort. dickkopp-3 (dkk3) has been identified to play a protection role against athe...
34637032,Q2_Medios,CHIT1,2,gemma4_26b;gemma4_31b,chitotriosidase,chitotriosidase,15,nao,eco_real,'increased plasma YKL-40 level and chitotriosidase activity' no titulo,...increased plasma ykl-40 level and chitotriosidase activity in cystic fibrosis patients. we investigated plasm...
35993046,Q2_Medios,Receptor Activator of Nuclear Factor-kappaB,2,gemma4_26b;llama3.3_70b,"RANKL 
RANK | RANKL/RANK",rank,4,nao,eco_real,'[MASK] ligand (RANKL)/[MASK] (RANK) gene methylation',...ffect of osteoprotectin (opg)/[mask] ligand (rankl)/[mask] (rank) gene methylation on aortic valve calcified. to evaluate th...
37170124,Q2_Medios,repressor element-1 silencing transcription factor,1,llama3.3_70b,REST,rest,4,sim,eco_real,'USP3 as a protein stabilizer of REST' no titulo,...tinase subfamily identifies usp3 as a protein stabilizer of rest blocking neuronal differentiation and promotes neuroblastom...
10072585,Q3_Baixa_Popularidade,peptidyl prolyl isomerase-like 1,3,gemma4_26b;llama3.3_70b;qwen3.6_35b,PPIL1 | the PPIL1,ppil1,5,sim,eco_real,'reassignment of [MASK] gene (PPIL1)' no titulo,...reassignment of [mask] gene (ppil1) to human chromosome region 6p21.1 by radiation hybrid mapp...
10713113,Q3_Baixa_Popularidade,isovaleryl-CoA dehydrogenase,3,gemma4_26b;gemma4_31b;llama3.3_70b,IVD,ivd,3,sim,eco_real,'deficiency of [MASK] (IVD)',"...nborn error of metabolism caused by a deficiency of [mask] (ivd), a nucleus-encoded, homotetrameric, mitochondrial flavoenz..."
11802782,Q3_Baixa_Popularidade,tandem-PH-domain-containing protein-1,3,gemma4_26b;gemma4_31b;llama3.3_70b,TAPP1,tapp1,5,nao,eco_real,'the tandem-pleckstrin-homology-domain-containing protein TAPP1 interacts',"...at the tandem-pleckstrin-homology-domain-containing protein tapp1 interacts with ptd(3,4)p2 and the multi-pdz-domain-containi..."
12095986,Q3_Baixa_Popularidade,mitochondrial translational initiation factor 3,2,gemma4_26b;gemma4_31b,IF3(mt),if3(mt),7,sim,eco_real,'human [MASK] (IF3(mt)) has been identified',...tiation complex formation with natural mrnas. human [mask] (if3(mt)) has been identified from the human expressed sequence tag ...
12432938,Q3_Baixa_Popularidade,leukotriene B4 12-hydroxydehydrogenase,1,llama3.3_70b,12-LTB4DH,ltb4dh,6,nao,eco_real,'NADP+-dependent [MASK] (12-LTB4DH) activity',...13-pgr was also found to exhibit nadp+-dependent [mask] (12-ltb4dh) activity. these enzymes are considered to be the key enzym...
19240024,Q3_Baixa_Popularidade,Melanoregulin,3,gemma4_26b;gemma4_31b;llama3.3_70b,DSU | Dsu,dsu,3,nao,eco_real,'the product of the [MASK](Dsu) gene',"...pithelial cells. [mask] ([mask]), the product of the [mask](dsu) gene, is a small highly charged protein, hypothesized to p..."
20541370,Q3_Baixa_Popularidade,vesicular glutamate transporter 2,1,llama3.3_70b,"VGLUT2 
VGLUTs",vglut2,6,sim,eco_real,'resequencing of the [MASK] gene (VGLUT2)',...resequencing of the [mask] gene (vglut2) reveals some rare genetic variants that may increase the g...
22821757,Q3_Baixa_Popularidade,SLC45A3,1,gemma4_26b,prostein,prostein,8,sim,eco_real,'loss of [MASK] protein (prostein) expression' no titulo,...loss of [mask] protein (prostein) expression in prostate cancer is associated with [mask]-er...
22952076,Q3_Baixa_Popularidade,NCAN,1,gemma4_26b,neurocan,neurocan,8,sim,eco_real,'studies implicate neurocan in the etiology of mania',...studies in humans and mice implicate neurocan in the etiology of mania. objective: genome-wide associatio...
23355646,Q3_Baixa_Popularidade,ZP2,2,gemma4_26b;llama3.3_70b,ZPA | ZPA/2,zpa,3,sim,eco_real,"'zona pellucida (ZP) glycoproteins, ZPA/2, ZPB/4 and ZPC/3'","...m proteins interact with zona pellucida (zp) glycoproteins, zpa/2, zpb/4 and zpc/3? summary answer: co-precipitation experi..."
24120948,Q3_Baixa_Popularidade,MicroRNAs-449a and -449b,3,gemma4_26b;gemma4_31b;llama3.3_70b,miRs-449a and -449b,mirs,4,sim,eco_real,'expressions of miRs-449a and -449b' -- resposta literal,...s to illustrate the relationship between the expressions of mirs-449a and -449b to retinoblastoma proliferation and apoptosi...
24972756,Q3_Baixa_Popularidade,NFKB activating protein-like,4,gemma4_26b;gemma4_31b;llama3.3_70b;qwen3.6_35b,"NKAPL | NKAPL, nuclear kappa-light chain protein",nkapl,5,sim,eco_real,'association study of the [MASK] gene (NKAPL)' no titulo,...resequencing and association study of the [mask] gene (nkapl) in schizophrenia. objectives: schizophrenia is a highly in...
29062717,Q3_Baixa_Popularidade,alpha-N-acetylgalactosaminidase,1,llama3.3_70b,NAGA,naga,4,sim,eco_real,"'lysosomal enzyme [MASK] (NAGA, EC 3.2.1.49)'","...y to determine the activity of the lysosomal enzyme [mask] (naga, ec 3.2.1.49) in human serum. it is based on the use of a n..."
30053862,Q3_Baixa_Popularidade,TP53RK,1,llama3.3_70b,TPRKB,tprkb,5,nao,eco_real,"AMBIGUO: 'TPRKB' visivel em 'OSGEP, [MASK], TPRKB, and LAGE3'. A string estava disponivel, mas TPRKB e gene DIFERENTE do gold TP53RK -- erro do NEBB, nao do detector de eco.","... the genes encoding the four keops subunits: osgep, [mask], tprkb, and lage3. case presentation: we detected a novel homozygo..."
31416616,Q3_Baixa_Popularidade,apoptosis related protein 3,4,gemma4_26b;gemma4_31b;llama3.3_70b;qwen3.6_35b,APR3,apr3,4,sim,eco_real,'NELL-1 and [MASK](APR3) expression levels',...ng protein of nell-1. results showed that nell-1 and [mask](apr3) expression levels were high in odontoblasts and inversely ...
31932686,Q3_Baixa_Popularidade,Lck interacting transmembrane adaptor 1,4,gemma4_26b;gemma4_31b;llama3.3_70b;qwen3.6_35b,LIME1,lime1,5,sim,eco_real,"'in the [MASK] gene (LIME1), for example'","...dence of ase in one or both cell types. in the [mask] gene (lime1), for example, we were able to show that in both cell types..."
32332102,Q3_Baixa_Popularidade,TRAPgamma,4,gemma4_26b;gemma4_31b;llama3.3_70b;qwen3.6_35b,SSR3 | SSR3-CDG,ssr3,4,nao,eco_real,'homozygous start codon variant in [MASK] (SSR3)',"... a patient with a homozygous start codon variant in [mask] (ssr3), absence of [mask] causes disruption of the trap complex, ..."
32367058,Q3_Baixa_Popularidade,sorbitol dehydrogenase,4,gemma4_26b;gemma4_31b;llama3.3_70b;qwen3.6_35b,SORD,sord,4,sim,eco_real,'biallelic mutations in SORD cause' no titulo,...biallelic mutations in sord cause a common and potentially treatable hereditary neuropa...
33467738,Q3_Baixa_Popularidade,"miR-16, -29a and -134",1,llama3.3_70b,miR-16-5p,mir-16,6,sim,eco_real,"'elevated miR-16-5p, -29a-3p, and -134-5p levels' -- resposta literal","... measured using quantitative real time pcr (qpcr). elevated mir-16-5p, -29a-3p, and -134-5p levels were observed in women, who..."
37822942,Q3_Baixa_Popularidade,MicroRNA-510,4,gemma4_26b;gemma4_31b;llama3.3_70b;qwen3.6_35b,miR-510-5p,mir-510,7,sim,eco_real,'we previously identified miR-510-5p as a novel oncomir',...mechanism of cav1 loss is unknown. we previously identified mir-510-5p as a novel oncomir and propose here that the high levels...
10543404,Q4_Cauda_Longa,"PABP4, 1, and 2",1,llama3.3_70b,PABP4,pabp4,5,nao,eco_real,"'plus four pseudogenes (1, 2, 3, and PABP4)'. Gold malformado ('PABP4, 1, and 2').","...abp (ipabp), and pabp3, plus four pseudogenes (1, 2, 3, and pabp4). in situ hybridization of pabp3 cdna as the probe on metap..."
11054531,Q4_Cauda_Longa,keratinocyte differentiation-associated protein,3,gemma4_26b;llama3.3_70b;qwen3.6_35b,Kdap,kdap,4,sim,eco_real,"'KDAP, a novel gene associated with' -- primeira palavra do titulo","...kdap, a novel gene associated with the stratification of the epi..."
12869548,Q4_Cauda_Longa,Rheb1,2,gemma4_31b;qwen3.6_35b,Rheb,rheb,4,nao,eco_real,'dominant negative mutants of Rheb GTPase' no titulo,...identification of dominant negative mutants of rheb gtpase and their use to implicate the involvement of human ...
18844450,Q4_Cauda_Longa,testis serine protease 1,2,gemma4_26b;llama3.3_70b,T-SP1,t-sp1,5,nao,eco_real,'T-SP1: a novel serine protease-like protein' -- primeira palavra do titulo,...t-sp1: a novel serine protease-like protein predominantly express...
21252223,Q4_Cauda_Longa,SWI5-MEI5,3,gemma4_26b;gemma4_31b;llama3.3_70b,SAE3 | Sae3 | Sae3-Mei5,sae3,4,nao,eco_real,'the budding yeast counterpart Sae3-Mei5 is meiosis-specific',"...ologous recombination repair, the budding yeast counterpart sae3-mei5 is meiosis-specific, interacts with dmc1, and promotes..."
25752612,Q4_Cauda_Longa,N-acetylated alpha-linked acidic dipeptidase-like protein,2,gemma4_26b;qwen3.6_35b,HILAP,hilap,5,sim,eco_real,'suggest a new name for this enzyme: human ileal aminopeptidase (HILAP)',...est a new name for this enzyme: human ileal aminopeptidase (hilap)...
26565952,Q4_Cauda_Longa,TGFB2 overlapping transcript 1,1,gemma4_31b,TGFB2-OT1,tgfb2-ot1,9,sim,eco_real,'long noncoding RNA TGFB2-OT1 in autophagy' no titulo,...new microrna signal pathway regulated by long noncoding rna tgfb2-ot1 in autophagy and inflammation of vascular endothelial cells...
26884884,Q4_Cauda_Longa,dual-specificity phosphatase 5 pseudogene 1,4,gemma4_26b;gemma4_31b;llama3.3_70b;qwen3.6_35b,DUSP5P1,dusp5p1,7,nao,eco_real,'high expression of [MASK] (DUSP5P1)' no titulo,...high expression of [mask] (dusp5p1) is associated with poor prognosis in acute myeloid leukemi...
29084806,Q4_Cauda_Longa,LOC102723505,4,gemma4_26b;gemma4_31b;llama3.3_70b;qwen3.6_35b,ROCR,rocr,4,sim,eco_real,'the long non-coding RNA ROCR contributes to SOX9' no titulo,...the long non-coding rna rocr contributes to sox9 expression and chondrogenic differentia...
29110645,Q4_Cauda_Longa,Long intergenic non-protein-coding RNA 1567,4,gemma4_26b;gemma4_31b;llama3.3_70b;qwen3.6_35b,LOCCS | LOCCS (LOCCS),loccs,5,sim,eco_real,'LOCCS-siRNA and pcDNA-LOCCS plasmid vectors',"...n ability, and tumorigenicity of cd133+/cd166+/cd44+ cells. loccs-sirna and pcdna-loccs plasmid vectors were constructed and ..."
29518376,Q4_Cauda_Longa,C8orf46,1,llama3.3_70b,VEXIN,vexin,5,nao,eco_real,'[MASK] homolog encodes a novel protein vexin' no titulo,...[mask] homolog encodes a novel protein vexin that is required for neurogenesis in xenopus laevis. neural...
30275189,Q4_Cauda_Longa,miR-3148,1,llama3.3_70b,miR3148,mir3148,7,sim,eco_real,'stably expressing [MASK] (HCT116-miR3148)',"... advantage of hct116 cells stably expressing [mask] (hct116-mir3148) was observed compared to parental cells in vivo, but not i..."
30539011,Q4_Cauda_Longa,MicroRNA-4739,4,gemma4_26b;gemma4_31b;llama3.3_70b;qwen3.6_35b,miRNA-4739,mirna-4739,10,nao,eco_real,'confirmed the increased miRNA-4739 level in patients with CLI',"...pendent cohorts, qrt-pcr validation confirmed the increased mirna-4739 level in patients with cli versus patients without cli. mir..."
30844657,Q4_Cauda_Longa,MicroRNA-575,2,gemma4_26b;gemma4_31b,miRNA-575,mirna-575,9,sim,eco_real,'miRNA-575 serves a pivotal role in GC',...ly impaired anti-proliferative effects of [mask] inhibitor. mirna-575 serves a pivotal role in gc as a cancer promoter gene by ta...
30951563,Q4_Cauda_Longa,microRNA-4474/4717,3,gemma4_26b;gemma4_31b;qwen3.6_35b,miR-4474,mir-4474,8,nao,eco_real,'MiR-4474 and [MASK] are up-regulated in CRC tissues',...hip human transcriptome array 2.0. the results suggest that mir-4474 and [mask] are up-regulated in crc tissues in response to f...
31012177,Q4_Cauda_Longa,miR-567,3,gemma4_26b;gemma4_31b;llama3.3_70b,miRNA-567,mirna-567,9,nao,eco_real,'cMRAS was a sponge of miRNA-567',"... experimental evidence confirmed that cmras was a sponge of mirna-567 and released its direct target, ptprg. cmras overexpression..."
31019085,Q4_Cauda_Longa,LOC105372576,4,gemma4_26b;gemma4_31b;llama3.3_70b;qwen3.6_35b,WAKMAR1,wakmar1,7,nao,eco_real,'human skin long noncoding RNA WAKMAR1 regulates wound healing' no titulo,...human skin long noncoding rna wakmar1 regulates wound healing by enhancing keratinocyte migration...
31197235,Q4_Cauda_Longa,LINC00284,2,gemma4_26b;llama3.3_70b,ALDH1A3-regulated long non-coding RNA NRAD1 | NRAD1,nrad1,5,nao,eco_real,'ALDH1A3-regulated long non-coding RNA NRAD1' no titulo,...aldh1a3-regulated long non-coding rna nrad1 is a potential novel target for triple-negative breast tumo...
31200545,Q4_Cauda_Longa,LOC151484,2,gemma4_31b;llama3.3_70b,Lnc-ITM2C-1,lnc-itm2c-1,11,nao,eco_real,'Lnc-ITM2C-1 and GPR55 are proviral host factors' no titulo,...lnc-itm2c-1 and gpr55 are proviral host factors for hepatitis c virus. ...
31364107,Q4_Cauda_Longa,microRNA-8073,3,gemma4_26b;gemma4_31b;llama3.3_70b,MiRNA-8073 | miRNA-8073,mirna-8073,10,nao,eco_real,'miRNA-8073 targets ZNT1' no titulo,...mirna-8073 targets znt1 to inhibit malignant progression of ovarian ca...
31582779,Q4_Cauda_Longa,miR-4484,3,gemma4_26b;gemma4_31b;llama3.3_70b,miRNA-4484,mirna-4484,10,nao,eco_real,'a novel miRNA-4484 is up-regulated on microarray' no titulo,...a novel mirna-4484 is up-regulated on microarray and associated with increased...
32000125,Q4_Cauda_Longa,LINC01011,4,gemma4_26b;gemma4_31b;llama3.3_70b;qwen3.6_35b,CISAL,cisal,5,nao,eco_real,'lncRNA CISAL inhibits BRCA1 transcription' no titulo,...lncrna cisal inhibits brca1 transcription by forming a tertiary structur...
32461121,Q4_Cauda_Longa,LINC00998,1,llama3.3_70b,SMIM30,smim30,6,sim,eco_real,'peptide SMIM30 promotes HCC development' no titulo,...peptide smim30 promotes hcc development by inducing src/yes1 membrane anch...
32583575,Q4_Cauda_Longa,microRNA-620,2,gemma4_26b;llama3.3_70b,MiRNA-620,mirna-620,9,sim,eco_real,'miRNA-620 promotes TGF-beta1-induced proliferation' no titulo,...mirna-620 promotes tgf-beta1-induced proliferation of airway smooth m...
32818652,Q4_Cauda_Longa,OATP1B3-1B7,1,qwen3.6_35b,SLCO1B3-SLCO1B7,slco1b3-slco1b7,15,sim,eco_real,'encoded by SLCO1B3-SLCO1B7 readthrough' -- resposta literal,"...s a novel member of the oatp1b-subfamily, and is encoded by slco1b3-slco1b7 readthrough deriving from the genes slco1b3 and slco1b7 on ..."
33046716,Q4_Cauda_Longa,LINC01546,4,gemma4_26b;gemma4_31b;llama3.3_70b;qwen3.6_35b,VAL | Vimentin associated lncRNA,val,3,sim,eco_real,"NAO e valina: 'lncRNA VAL (Vimentin Associated lncRNA, [MASK])' -- o nome por extenso esta ao lado da mascara",...akt-induced lncrna val promotes emt-independent metastasis through diminishing tri...
33505972,Q4_Cauda_Longa,linc01013,3,gemma4_26b;gemma4_31b;llama3.3_70b,Aerrie | lncRNA-Aerrie,aerrie,6,nao,eco_real,'long non-coding RNA Aerrie controls DNA damage repair' no titulo,...long non-coding rna aerrie controls dna damage repair via ybx1 to maintain endothelial...
33789307,Q4_Cauda_Longa,MiR-3161,4,gemma4_26b;gemma4_31b;llama3.3_70b;qwen3.6_35b,miRNA-3161,mirna-3161,10,nao,eco_real,'introduced a binding site to miRNA-3161',...l in patients. rs2953 t allele introduced a binding site to mirna-3161 and thus decreased luciferase activity. conclusion: polymor...
34535085,Q4_Cauda_Longa,microRNA-1278,2,gemma4_26b;gemma4_31b,miRNA-1278,mirna-1278,10,sim,eco_real,"'interaction of circ_0007059, miRNA-1278, and SHP-1'","...rase reporter assay detect the interaction of circ_0007059, mirna-1278, and shp-1. glomerulonephritis was performed in a mouse mod..."
34851809,Q4_Cauda_Longa,TH2LCRR,1,gemma4_31b,T Helper Type 2 Locus Control Region Associated RNA,t helper type 2 locus control region associated rna,51,nao,eco_real,'the promoter of [MASK] (T Helper Type 2 Locus Control Region Associated RNA)' -- nome por extenso ao lado da mascara,"...hree functional snps interacts with the promoter of [mask] (t helper type 2 locus control region associated rna), a recently identified long noncoding rna. rna-seq data an..."
35034552,Q4_Cauda_Longa,ADORA2A antisense RNA 1,4,gemma4_26b;gemma4_31b;llama3.3_70b;qwen3.6_35b,ADORA2A-AS1,adora2a-as1,11,nao,eco_real,'lncRNA [MASK] (ADORA2A-AS1) in CML',...he potential role and molecular mechanism of lncrna [mask] (adora2a-as1) in cml. we found that the expression of adora2a-as1 was up...
35050429,Q4_Cauda_Longa,miR-4510,3,gemma4_26b;gemma4_31b;llama3.3_70b,miRNA-4510,mirna-4510,10,sim,eco_real,'miRNA-4510 expression in GPC3-GC was significantly lower',...cantly lower than that in the adjacent tissues (p < 0.001). mirna-4510 expression in gpc3-gc was significantly lower than that in ...
35388952,Q4_Cauda_Longa,DLG1 Antisense RNA 1,4,gemma4_26b;gemma4_31b;llama3.3_70b;qwen3.6_35b,DLG1-AS1,dlg1-as1,8,nao,eco_real,'lncRNA DLG1-AS1 promotes cervical cancer' no titulo,...lncrna dlg1-as1 promotes cervical cancer cell gemcitabine resistance by reg...
37009826,Q4_Cauda_Longa,LINC00493,1,llama3.3_70b,SMIM26,smim26,6,sim,eco_real,'[MASK]-encoded microprotein SMIM26 exerts' no titulo,...[mask]-encoded microprotein smim26 exerts anti-metastatic activity in renal cell carcinoma. hu...
37014032,Q4_Cauda_Longa,Myoregulin,4,gemma4_26b;gemma4_31b;llama3.3_70b;qwen3.6_35b,MLN,mln,3,nao,eco_real,'[MASK] (MLN) is a member of the regulin family',"...cidic residue in the calcium pump regulator [mask]. [mask] (mln) is a member of the regulin family, a group of homologous m..."
37612290,Q4_Cauda_Longa,C12ORF40,1,llama3.3_70b,REDIC1,redic1,6,nao,eco_real,'a novel recombination protein [MASK]/REDIC1' no titulo,...a novel recombination protein [mask]/redic1 is required for meiotic crossover formation. during meiosis...
38300343,Q4_Cauda_Longa,mir-4638,3,gemma4_26b;llama3.3_70b;qwen3.6_35b,MicroRNA-4638 | MicroRNA-4638-3p,MicroRNA-4638,13,nao,eco_real,'functional role of MicroRNA-4638-3p in breast cancer bone metastasis' no titulo,...in vivo validation of the functional role of microrna-4638-3p in breast cancer bone metastasis. purpose: skeletal meta...
41444079,Q4_Cauda_Longa,IDH1-AS1,1,gemma4_26b,"lncRNA-IADMP, IADMP",iadmp,5,nao,eco_real,'the oncomicropeptide IADMP promotes lung cancer progression' no titulo,...the oncomicropeptide iadmp promotes lung cancer progression by stablilized rps3a expre...
6672765,Q4_Cauda_Longa,c-K-ras-1,3,gemma4_26b;llama3.3_70b;qwen3.6_35b,K-ras-1,k-ras-1,7,sim,eco_real,"'localization of N-ras, K-ras-1, K-ras-2 and myb oncogenes' no titulo","...regional chromosomal localization of n-ras, k-ras-1, k-ras-2 and myb oncogenes in human cells. the identificati..."
9177776,Q4_Cauda_Longa,ribosomal protein L3 homologous,1,gemma4_26b,RPL3-Hom,rpl3-hom,8,nao,eco_real,'[MASK] gene (RPL3-Hom) were also found in the vicinity of the HLA-B and -C genes',"...dihydrofolate reductase pseudogene (dhfrp) and [mask] gene (rpl3-hom), were also found in the vicinity of the hla-b and -c genes..."
9877162,Q4_Cauda_Longa,(pro)napsin B,1,gemma4_31b,pronapsin B,pro,3,nao,falso_alarme,termo 'pro' (3 letras) casou dentro de '(pro)napsin A' -- OUTRO gene. A resposta 'pronapsin B' nao ocorre no texto (0 casamentos).,...ecursors of two hitherto unknown aspartic proteinases. the (pro)napsin a gene is expressed predominantly in lung and kidney...
